{"version":"0.24","interactions":{"19f6c702-a150-4068-a7a4-3ec12fc74492":[{"properties":{"transition":"dissolve","duration":0.30000001192092896,"easing":"ease-out","destination":"3ceb0136-0231-4590-ba12-5c4d20d3b5ab","overlayPosition":{"x":0,"y":0},"voiceLocale":"en-us"},"triggerEvent":"tap","action":"overlay-transition","id":"0cc42edd-e90d-42ce-a1cf-250d6914ebd4"}],"3ceb0136-0231-4590-ba12-5c4d20d3b5ab":[{"properties":{"voiceLocale":"en-us"},"triggerEvent":"tap","action":"previous-artboard","id":"2055d673-67ec-41ab-9191-b86ae4730df0"}],"c59e053b-cf49-4fa6-ab45-897b5f414848":[{"properties":{"transition":null,"duration":0.30000001192092896,"easing":"ease-out","destination":"9f064a05-5cb1-4d26-a848-d9a96757ac1f","voiceLocale":"en-us"},"triggerEvent":"tap","action":"scroll-transition","id":"77322deb-9e4a-4d06-b640-96adeaeadc49"}],"771a4ee3-985d-4086-b2ed-f9d6ffba11b4":[{"properties":{"transition":null,"duration":0.30000001192092896,"easing":"ease-out","destination":"6033a957-adee-43ae-80bc-882fb714a3e5","voiceLocale":"en-us"},"triggerEvent":"tap","action":"scroll-transition","id":"deda9370-14cd-4f33-bfa5-8215a13402f8"}],"da43d87f-f92b-47b5-b0a9-21975bb44d32":[{"properties":{"transition":null,"duration":0.30000001192092896,"easing":"ease-out","destination":"07fc3ee6-6e67-4cb9-8d64-4acb70048005","voiceLocale":"en-us"},"triggerEvent":"tap","action":"scroll-transition","id":"bfc3c8a3-2537-4d69-8024-d733ff8635a1"}]}}