{"version":"0.24","interactions":{"63c3603a-11af-49eb-8323-09903ab0ebbd":[{"properties":{"transition":"dissolve","duration":0.30000001192092896,"easing":"ease-out","preserveScrollPosition":false,"destination":"1f1e3515-c4e8-4799-9379-a3f4b1444c73","voiceLocale":"en-us"},"triggerEvent":"tap","action":"artboard-transition","id":"9d2c6c94-9a0d-4328-a81b-e3e7ff87fe92"}],"c839a216-cf22-48b4-a3ea-00cbcd70b0c7":[{"properties":{"transition":"dissolve","duration":0.30000001192092896,"easing":"ease-out","destination":"a6b07dfe-f69a-472d-ab19-fdf96587415b","overlayPosition":{"x":0,"y":0},"voiceLocale":"en-us"},"triggerEvent":"tap","action":"overlay-transition","id":"50a66254-f6b4-469f-be60-346545319d69"}],"a6b07dfe-f69a-472d-ab19-fdf96587415b":[{"properties":{"voiceLocale":"en-us"},"triggerEvent":"tap","action":"previous-artboard","id":"721b7bce-ecae-4121-a065-2b9542d5d096"}],"a92f0d32-8685-4f50-aaa8-9fb0174b7f79":[{"properties":{"transition":"dissolve","duration":0.30000001192092896,"easing":"ease-out","destination":"aead25f9-0ba0-4d53-9805-e281db73788d","overlayPosition":{"x":0,"y":0},"voiceLocale":"en-us"},"triggerEvent":"tap","action":"overlay-transition","id":"fb4937b8-3d12-4839-bcd2-57c3cc1b3c02"}],"13d6ccd3-b5a2-4819-9f95-a4a19dc80f74":[{"properties":{"transition":"dissolve","duration":0.30000001192092896,"easing":"ease-out","destination":"aead25f9-0ba0-4d53-9805-e281db73788d","overlayPosition":{"x":0,"y":0},"voiceLocale":"en-us"},"triggerEvent":"tap","action":"overlay-transition","id":"9cd69ad6-a9be-4669-9515-0e6466951272"}],"cc1c21bf-fdff-4f07-969d-c2ebb19a44df":[{"properties":{"transition":"dissolve","duration":0.30000001192092896,"easing":"ease-out","destination":"aead25f9-0ba0-4d53-9805-e281db73788d","overlayPosition":{"x":0,"y":0},"voiceLocale":"en-us"},"triggerEvent":"tap","action":"overlay-transition","id":"16661493-b925-4d3f-9e27-27161d9dbbc9"}],"a3e5af07-c7b0-4b7f-b95a-da3859bed251":[{"properties":{"voiceLocale":"en-us"},"triggerEvent":"tap","action":"previous-artboard","id":"cf36d7bb-a245-4a1d-a5ff-5e23b0734473"}],"aead25f9-0ba0-4d53-9805-e281db73788d":[{"properties":{"voiceLocale":"en-us"},"triggerEvent":"tap","action":"previous-artboard","id":"9253e0ee-7246-4d8b-a7df-3a70cd774002"}],"2e9cb049-2bcd-4731-9a34-aacbb4689223":[{"properties":{"voiceLocale":"en-us"},"triggerEvent":"tap","action":"previous-artboard","id":"9904fdb2-d466-48a0-8209-4d8619d14d4a"}],"f36eae8a-08d4-4187-976f-1658f37d7205":[{"properties":{"transition":"dissolve","duration":0.30000001192092896,"easing":"ease-out","destination":"856694ce-e863-44ad-b2a7-aa9b4a7448c1","overlayPosition":{"x":0,"y":0},"voiceLocale":"en-us"},"triggerEvent":"tap","action":"overlay-transition","id":"30b3349c-9b3d-4e71-9e25-016d787a2652"}],"856694ce-e863-44ad-b2a7-aa9b4a7448c1":[{"properties":{"voiceLocale":"en-us"},"triggerEvent":"tap","action":"previous-artboard","id":"e5c3f59f-969b-4015-af46-f920d5aa4635"}],"a81fee6f-617c-493d-b25c-3d6bb2523203":[{"properties":{"transition":"slide-up","duration":0.30000001192092896,"easing":"ease-out","preserveScrollPosition":false,"destination":"96449ed5-8d58-426f-8ec9-cb18fff333cc","voiceLocale":"en-us"},"triggerEvent":"tap","action":"artboard-transition","id":"75055c13-1293-4137-b837-2b2e5efa9dfb"}],"e2f6087a-9e55-459c-83ba-5a075e6e7ce7":[{"properties":{"transition":"dissolve","duration":0.30000001192092896,"easing":"ease-out","destination":"2e9cb049-2bcd-4731-9a34-aacbb4689223","overlayPosition":{"x":0,"y":0},"voiceLocale":"en-us"},"triggerEvent":"tap","action":"overlay-transition","id":"a1172dc0-ccc8-449d-a78d-34ea01f42150"}],"4a087429-34bc-4aee-a4eb-0481a9d769db":[{"properties":{"transition":"slide-down","duration":0.30000001192092896,"easing":"ease-out","preserveScrollPosition":false,"destination":"2f335264-bd22-4d78-a164-79769670f8dc","voiceLocale":"en-us"},"triggerEvent":"tap","action":"artboard-transition","id":"f4aca392-7a6e-4ff4-871d-1bc8254661cb"}],"de524d22-38ec-4fbc-aadb-7147a606ab7a":[{"properties":{"transition":"slide-down","duration":0.30000001192092896,"easing":"ease-out","preserveScrollPosition":false,"destination":"2f335264-bd22-4d78-a164-79769670f8dc","voiceLocale":"en-us"},"triggerEvent":"tap","action":"artboard-transition","id":"ec718c62-cd10-4835-846c-ad647050703c"}],"5818ee6f-9111-4c4f-a907-f8b4a50f7f11":[{"properties":{"transition":"slide-down","duration":0.30000001192092896,"easing":"ease-out","preserveScrollPosition":false,"destination":"2f335264-bd22-4d78-a164-79769670f8dc","voiceLocale":"en-us"},"triggerEvent":"tap","action":"artboard-transition","id":"3d12c499-e458-4276-b103-4f3560b0d5ef"}],"dc18318c-4db6-4ed7-86f1-3ba5fddd4765":[{"properties":{"transition":"slide-down","duration":0.30000001192092896,"easing":"ease-out","preserveScrollPosition":false,"destination":"2f335264-bd22-4d78-a164-79769670f8dc","voiceLocale":"en-us"},"triggerEvent":"tap","action":"artboard-transition","id":"8d33d3ab-fedf-4089-887c-f166aeb0f8ab"}],"97c76005-2526-47b9-98e0-851f6a47ef92":[{"properties":{"transition":null,"duration":0.30000001192092896,"easing":"ease-out","destination":"44797c5e-c0b3-48cd-92d8-f442a28d6784","voiceLocale":"en-us"},"triggerEvent":"tap","action":"scroll-transition","id":"d50c92c4-0499-451f-a3d7-090e76adea6b"}],"5066cc2f-08ba-4dd2-a21e-349547d4f8af":[{"properties":{"transition":"dissolve","duration":0.30000001192092896,"easing":"ease-out","preserveScrollPosition":false,"destination":"92eb0590-2530-4835-9ee0-8ea8e3ef36cd","voiceLocale":"en-us"},"triggerEvent":"tap","action":"artboard-transition","id":"139d1b22-ba2f-4724-8ae2-204d4e21286d"}],"857cfc9f-59ad-4fff-b4fd-ab5f3162c850":[{"properties":{"transition":"dissolve","duration":0.30000001192092896,"easing":"ease-out","preserveScrollPosition":false,"destination":"92eb0590-2530-4835-9ee0-8ea8e3ef36cd","voiceLocale":"en-us"},"triggerEvent":"tap","action":"artboard-transition","id":"c3e34646-6737-4888-a5f8-5c51c598cbea"}],"b938d777-89d2-4962-962b-85206f7280d3":[{"properties":{"transition":"slide-down","duration":0.30000001192092896,"easing":"ease-out","destination":"a6b07dfe-f69a-472d-ab19-fdf96587415b","overlayPosition":{"x":0,"y":0},"voiceLocale":"en-us"},"triggerEvent":"tap","action":"overlay-transition","id":"10d4b9c5-62a9-405b-a889-3791a7dc776b"}],"447dea6f-140b-41d7-9b26-6a481d320ce4":[{"properties":{"transition":"dissolve","duration":0.30000001192092896,"easing":"ease-out","destination":"aead25f9-0ba0-4d53-9805-e281db73788d","overlayPosition":{"x":0,"y":0},"voiceLocale":"en-us"},"triggerEvent":"tap","action":"overlay-transition","id":"76f2d445-9e70-4be1-b6aa-d31dbd8a26fe"}],"35c586c6-caf8-4c64-98ac-8f9fd4865ad7":[{"properties":{"transition":"dissolve","duration":0.30000001192092896,"easing":"ease-out","destination":"aead25f9-0ba0-4d53-9805-e281db73788d","overlayPosition":{"x":0,"y":0},"voiceLocale":"en-us"},"triggerEvent":"tap","action":"overlay-transition","id":"bb983179-bb71-469e-ae54-9c82140615f4"}],"63d3b611-b093-4d42-9756-2b28ef20af18":[{"properties":{"transition":"dissolve","duration":0.30000001192092896,"easing":"ease-out","preserveScrollPosition":false,"destination":"f9758b49-7c68-404e-8261-873a00494ab8","voiceLocale":"en-us"},"triggerEvent":"tap","action":"artboard-transition","id":"981b3abe-868d-4ab7-bcdb-fd96c51a08c4"}],"800134ec-70cf-4957-b04c-36207d03c69b":[{"properties":{"transition":"dissolve","duration":0.30000001192092896,"easing":"ease-out","preserveScrollPosition":false,"destination":"2f335264-bd22-4d78-a164-79769670f8dc","voiceLocale":"en-us"},"triggerEvent":"tap","action":"artboard-transition","id":"cb5d318d-e828-47e9-af14-14b0925fc5ea"}],"d48ef752-f2e4-4dd0-b96b-ba4d669ff28f":[{"properties":{"transition":"dissolve","duration":0.30000001192092896,"easing":"ease-out","preserveScrollPosition":false,"destination":"2f335264-bd22-4d78-a164-79769670f8dc","voiceLocale":"en-us"},"triggerEvent":"tap","action":"artboard-transition","id":"be323776-2b9f-42b4-97d4-60b97f046f51"}],"ac5190ee-c287-4613-87c1-b173c9f7dcd4":[{"properties":{"transition":"dissolve","duration":0.30000001192092896,"easing":"ease-out","preserveScrollPosition":false,"destination":"2f335264-bd22-4d78-a164-79769670f8dc","voiceLocale":"en-us"},"triggerEvent":"tap","action":"artboard-transition","id":"9739c1d0-bd8c-4e23-9848-b89adc4a0e83"}],"bfa29bc4-0c60-4548-ac04-28ed55d5c613":[{"properties":{"transition":"dissolve","duration":0.30000001192092896,"easing":"ease-out","preserveScrollPosition":false,"destination":"f9758b49-7c68-404e-8261-873a00494ab8","voiceLocale":"en-us"},"triggerEvent":"tap","action":"artboard-transition","id":"425a9800-c461-48b6-b830-d4826fc99231"}],"57af2670-01f6-40b7-87e3-d400cec06b70":[{"properties":{"transition":"dissolve","duration":0.30000001192092896,"easing":"ease-out","preserveScrollPosition":false,"destination":"be49e456-4f5e-4f19-bc64-4ee9c4934bde","voiceLocale":"en-us"},"triggerEvent":"tap","action":"artboard-transition","id":"e8739794-cb69-4630-ad86-5768f50021a2"}],"65421cd1-cf01-4666-840f-4cea91a76468":[{"properties":{"transition":"dissolve","duration":0.30000001192092896,"easing":"ease-out","preserveScrollPosition":false,"destination":"aead25f9-0ba0-4d53-9805-e281db73788d","voiceLocale":"en-us"},"triggerEvent":"tap","action":"artboard-transition","id":"b8a1e8d6-a0fe-4cd1-8ad1-e6b04146524a"}],"2b01f702-0f48-4b11-84d7-98c819d258e5":[{"properties":{"transition":"dissolve","duration":0.30000001192092896,"easing":"ease-out","preserveScrollPosition":false,"destination":"92eb0590-2530-4835-9ee0-8ea8e3ef36cd","voiceLocale":"en-us"},"triggerEvent":"tap","action":"artboard-transition","id":"323e4052-9a75-420e-868f-b7e6bae16dd7"}],"238fd94d-7132-44e6-9b16-1c66ce8fd44e":[{"properties":{"transition":"dissolve","duration":0.30000001192092896,"easing":"ease-out","preserveScrollPosition":false,"destination":"92eb0590-2530-4835-9ee0-8ea8e3ef36cd","voiceLocale":"en-us"},"triggerEvent":"tap","action":"artboard-transition","id":"4ee75c0e-77ac-40af-9063-9d60e859cd09"}],"37e48670-179f-4784-bbc0-aa81a01104ed":[{"properties":{"transition":"dissolve","duration":0.30000001192092896,"easing":"ease-out","preserveScrollPosition":false,"destination":"aead25f9-0ba0-4d53-9805-e281db73788d","voiceLocale":"en-us"},"triggerEvent":"tap","action":"artboard-transition","id":"072ce5d1-4aba-44af-aff9-965991806f52"}],"459a542e-84dd-49ac-a4c0-3bbaf4512a05":[{"properties":{"transition":null,"duration":0.30000001192092896,"easing":"ease-out","destination":"74303deb-3ad0-4d21-aa6e-e2419821bb9d","voiceLocale":"en-us"},"triggerEvent":"tap","action":"scroll-transition","id":"761c5f3b-f000-4cb7-b5d6-c89a935f0deb"}],"64d951a6-b154-48c4-83bb-031f7c6629d4":[{"properties":{"transition":"dissolve","duration":0.30000001192092896,"easing":"ease-out","preserveScrollPosition":false,"destination":"7686d02b-b054-4423-85a2-e8157a2f5c8f","voiceLocale":"en-us"},"triggerEvent":"tap","action":"auto-animate","id":"cd8037e3-90bf-4cb2-a646-08435072129a"}],"4b09a924-852e-424e-abfe-8bf9a6784c00":[{"properties":{"transition":"dissolve","duration":0.30000001192092896,"easing":"ease-out","preserveScrollPosition":false,"destination":"be49e456-4f5e-4f19-bc64-4ee9c4934bde","voiceLocale":"en-us"},"triggerEvent":"tap","action":"auto-animate","id":"9bd12ee4-ed3e-46a5-8927-60e0cc66b085"}],"24377859-a453-4b8e-b1f8-4942befc0075":[{"properties":{"transition":"dissolve","duration":0.30000001192092896,"easing":"ease-out","preserveScrollPosition":false,"destination":"be49e456-4f5e-4f19-bc64-4ee9c4934bde","voiceLocale":"en-us"},"triggerEvent":"tap","action":"auto-animate","id":"8ef05ae1-c794-4a6d-aa1e-00fc9016574b"}],"ead93a50-4feb-47b9-96f3-235e8cc39ab9":[{"properties":{"transition":"dissolve","duration":0.30000001192092896,"easing":"ease-out","preserveScrollPosition":false,"destination":"7686d02b-b054-4423-85a2-e8157a2f5c8f","voiceLocale":"en-us"},"triggerEvent":"tap","action":"artboard-transition","id":"062d363f-66e5-4f9e-9bfd-8a1498eba3ef"}],"475856a9-18f9-4302-8104-b9909e6d76c9":[{"properties":{"transition":"dissolve","duration":0.30000001192092896,"easing":"ease-out","preserveScrollPosition":false,"destination":"7686d02b-b054-4423-85a2-e8157a2f5c8f","voiceLocale":"en-us"},"triggerEvent":"tap","action":"artboard-transition","id":"6da1bdbd-62fd-49df-94e0-34a039af1bd4"}],"2fd1fdb3-1b9c-407d-b30c-ab9c7458daab":[{"properties":{"transition":"dissolve","duration":0.30000001192092896,"easing":"ease-out","preserveScrollPosition":false,"destination":"7686d02b-b054-4423-85a2-e8157a2f5c8f","voiceLocale":"en-us"},"triggerEvent":"tap","action":"artboard-transition","id":"ab27ad69-d459-49a0-8029-89657e97f278"}],"f5568036-2ce7-42a3-b5df-56e053eb1eef":[{"properties":{"transition":"dissolve","duration":0.30000001192092896,"easing":"ease-out","preserveScrollPosition":false,"destination":"7686d02b-b054-4423-85a2-e8157a2f5c8f","voiceLocale":"en-us"},"triggerEvent":"tap","action":"artboard-transition","id":"d091915e-3a25-4a69-81ca-d28f867e835e"}],"9936c2f8-4be0-44da-a224-bd4b3d2994d8":[{"properties":{"transition":"dissolve","duration":0.30000001192092896,"easing":"ease-out","preserveScrollPosition":false,"destination":"7686d02b-b054-4423-85a2-e8157a2f5c8f","voiceLocale":"en-us"},"triggerEvent":"tap","action":"artboard-transition","id":"a20a94cb-17fe-45b4-866f-845cc862b6a9"}],"90d2c528-7a82-4914-a405-efc61b34f406":[{"properties":{"transition":"dissolve","duration":0.30000001192092896,"easing":"ease-out","preserveScrollPosition":false,"destination":"7686d02b-b054-4423-85a2-e8157a2f5c8f","voiceLocale":"en-us"},"triggerEvent":"tap","action":"artboard-transition","id":"9486e577-fcc0-4726-8387-1342142ca272"}],"68dbc44e-b67b-407d-af84-e6e788301693":[{"properties":{"transition":"dissolve","duration":0.30000001192092896,"easing":"ease-out","preserveScrollPosition":false,"destination":"7686d02b-b054-4423-85a2-e8157a2f5c8f","voiceLocale":"en-us"},"triggerEvent":"tap","action":"artboard-transition","id":"1e373906-ad75-4b01-b04f-f815c2013301"}],"058453b2-0219-4f01-bf8f-acd17555a4d4":[{"properties":{"transition":"slide-down","duration":0.30000001192092896,"easing":"ease-out","preserveScrollPosition":false,"destination":"92eb0590-2530-4835-9ee0-8ea8e3ef36cd","voiceLocale":"en-us"},"triggerEvent":"tap","action":"artboard-transition","id":"b6771f84-0c80-4690-8106-7706173cdf08"}],"c49f2fb0-9e90-4f1f-9de7-857c9511507f":[{"properties":{"transition":"dissolve","duration":0.30000001192092896,"easing":"ease-out","preserveScrollPosition":false,"destination":"92eb0590-2530-4835-9ee0-8ea8e3ef36cd","voiceLocale":"en-us"},"triggerEvent":"tap","action":"artboard-transition","id":"89501211-2f00-4435-84c4-d165bde7d413"}],"2d2dc3bd-6cf6-4d37-bcab-1fd92ba9fbde":[{"properties":{"transition":"dissolve","duration":0.30000001192092896,"easing":"ease-out","preserveScrollPosition":false,"destination":"96449ed5-8d58-426f-8ec9-cb18fff333cc","voiceLocale":"en-us"},"triggerEvent":"tap","action":"artboard-transition","id":"b60fb984-cd1f-4303-8b47-354258b60a85"}],"ecfd2b35-a60e-440b-a301-d1ad0ab90183":[{"properties":{"transition":"dissolve","duration":0.30000001192092896,"easing":"ease-out","preserveScrollPosition":false,"destination":"903a8dbc-4fd6-4388-9e61-2ad0023d6a7e","voiceLocale":"en-us"},"triggerEvent":"tap","action":"auto-animate","id":"e4940b9d-c6e6-4ec0-9457-2b70127e9640"}],"d7cf067e-4924-45e2-a104-e54d1be42295":[{"properties":{"transition":"slide-up","duration":0.30000001192092896,"easing":"ease-out","preserveScrollPosition":false,"destination":"92eb0590-2530-4835-9ee0-8ea8e3ef36cd","voiceLocale":"en-us"},"triggerEvent":"tap","action":"artboard-transition","id":"a34effc9-6621-4bee-93fb-c5025625d198"}],"78a5c615-7a2a-4bba-b982-ed4f1b4916a6":[{"properties":{"transition":"dissolve","duration":0.30000001192092896,"easing":"ease-out","preserveScrollPosition":false,"destination":"92eb0590-2530-4835-9ee0-8ea8e3ef36cd","voiceLocale":"en-us"},"triggerEvent":"tap","action":"artboard-transition","id":"77a79daa-95ec-4b9b-ac73-8ae4024a4f29"}],"36eaca03-ce36-4037-a855-025cf235f909":[{"properties":{"transition":"dissolve","duration":0.30000001192092896,"easing":"ease-out","preserveScrollPosition":false,"destination":"aead25f9-0ba0-4d53-9805-e281db73788d","voiceLocale":"en-us"},"triggerEvent":"tap","action":"artboard-transition","id":"ef9987a0-69b7-46a4-b530-db0e145fbe2e"}],"eb4137b0-f7a6-4746-b21b-026cc0725941":[{"properties":{"transition":"dissolve","duration":0.30000001192092896,"easing":"ease-out","preserveScrollPosition":false,"destination":"7686d02b-b054-4423-85a2-e8157a2f5c8f","voiceLocale":"en-us"},"triggerEvent":"tap","action":"artboard-transition","id":"82ab2d4a-77c0-4592-a0ad-39006dc46a3a"}],"1cc32da9-343f-4fd6-b9c2-26a6b955af2a":[{"properties":{"transition":"dissolve","duration":0.30000001192092896,"easing":"ease-out","preserveScrollPosition":false,"destination":"64d951a6-b154-48c4-83bb-031f7c6629d4","voiceLocale":"en-us"},"triggerEvent":"tap","action":"auto-animate","id":"40c2fbb5-31c9-4210-8611-27dc6d2e6bf9"}],"a9adcff2-581a-459f-a4ee-097377f66d8c":[{"properties":{"transition":"dissolve","duration":0.30000001192092896,"easing":"ease-out","preserveScrollPosition":false,"destination":"aead25f9-0ba0-4d53-9805-e281db73788d","voiceLocale":"en-us"},"triggerEvent":"tap","action":"artboard-transition","id":"d6ddaa07-08e8-4421-b5d9-9fa59d1c96db"}],"327c8c71-fbf6-4397-b267-b6ea5c3d0bc8":[{"properties":{"transition":"dissolve","duration":0.30000001192092896,"easing":"ease-out","preserveScrollPosition":false,"destination":"14cc196d-73fa-4b07-bc45-4ec49c623a1f","voiceLocale":"en-us"},"triggerEvent":"tap","action":"artboard-transition","id":"8e8ea95f-d26e-4674-90d7-73811222b464"}],"345ed478-c396-4c60-9e6e-c5659982a704":[{"properties":{"transition":"dissolve","duration":0.30000001192092896,"easing":"ease-out","preserveScrollPosition":false,"destination":"2f335264-bd22-4d78-a164-79769670f8dc","voiceLocale":"en-us"},"triggerEvent":"tap","action":"artboard-transition","id":"bd95eb40-7498-4659-80fa-e782ccdf17c5"}],"ea92ce71-15ef-4142-a013-d974ca212418":[{"properties":{"transition":"dissolve","duration":0.30000001192092896,"easing":"ease-out","preserveScrollPosition":false,"destination":"2f335264-bd22-4d78-a164-79769670f8dc","voiceLocale":"en-us"},"triggerEvent":"tap","action":"artboard-transition","id":"5a05351a-2acf-4cbb-a0dd-67f4bc596b9b"}],"a147e848-b597-4241-b7c7-f3e7a8d92349":[{"properties":{"transition":"dissolve","duration":0.30000001192092896,"easing":"ease-out","preserveScrollPosition":false,"destination":"2f335264-bd22-4d78-a164-79769670f8dc","voiceLocale":"en-us"},"triggerEvent":"tap","action":"artboard-transition","id":"28e8b820-ff55-4e03-854b-16da7da1d001"}],"0dcd2539-3d65-4ae6-aeb2-224cb2c88de5":[{"properties":{"transition":null,"duration":0.30000001192092896,"easing":"ease-out","destination":"efb895fc-872a-46b2-9ec8-b9540ad6efd9","voiceLocale":"en-us"},"triggerEvent":"tap","action":"scroll-transition","id":"0f875865-ad2c-4991-8cd9-5854ad82fef7"}],"2b5a0679-c168-4998-8592-f26662e9baa6":[{"properties":{"transition":null,"duration":0.30000001192092896,"easing":"ease-out","destination":"8727146e-7fa5-4968-9f73-9f97aaaa03da","voiceLocale":"en-us"},"triggerEvent":"tap","action":"scroll-transition","id":"672fa48f-1088-4c54-881e-a6e1a38f2d28"}],"f197f604-161d-42d7-9f55-e90b279d1c93":[{"properties":{"transition":null,"duration":0.30000001192092896,"easing":"ease-out","destination":"971485c5-c7a1-4185-84b9-a2857b738b1f","voiceLocale":"en-us"},"triggerEvent":"tap","action":"scroll-transition","id":"3a45c712-e6c2-4504-907e-62fb3a605eee"}],"21060f4c-606c-48d9-a3b5-fb06b4a1afc3":[{"properties":{"transition":null,"duration":0.30000001192092896,"easing":"ease-out","destination":"f6cdc28c-eb79-47b7-ab78-8f2b99f18cf9","voiceLocale":"en-us"},"triggerEvent":"tap","action":"scroll-transition","id":"ca85cc7f-c718-4059-ae27-a25f313811f7"}],"97c52704-74c7-475b-860a-5ac7b48a33f5":[{"properties":{"transition":null,"duration":0.30000001192092896,"easing":"ease-out","destination":"6c1a66b8-e12e-454e-8b40-e4543d236d09","voiceLocale":"en-us"},"triggerEvent":"tap","action":"scroll-transition","id":"93c4197a-c1ce-4765-9568-0feaaa8704f3"}]}}